book_detail_id,isbn_code,c_code,title,writer,publisher,初版発行日,content
1,9784534037947,C0055,図解でわかるLinux環境設定のすべて,西村めぐみ,日本実業出版,2004/12/1,Linuxのしくみを知りながら環境設定の基本を学べます。設定ツールに頼らない、応用のきく環境設定法がわかります。豊富なコマンドの紹介で、「あ、こんなのあったんだ」に出会えます。Red Hat系とDebian系、カーネル2.4と2.6に対応。充実した参照ページと索引で、知りたいことがすぐにわかります。
2,9784774146010,C3055,Linuxエンジニア養成読本,SoftwareDesign編集部,技術評論社,2011/5/10,
3,9784526047343,C3050,すぐに役立つISO9001設計管理手法を用いた取扱説明書作成テクニック,宮田紀世夫,日刊工業新聞社,2001/3/30,
4,9784534050304,C0055,図解 一目でわかるITプラットフォーム,高橋暁子／イイヅカアキラ,日本実業出版社,2012/12/20,
5,9784774109367,C3055,Excel 2000/97 VBA基本例題350,システムサイエンス研究所,技術評論社,2000/2/5,
6,9784873114682,C3055,jQueryクックブック,jQueryCommunityExperts,オライリージャパン,2010/8/12,
7,9784839918965,C3055,Photoshopバージョンブック5・6・7・CS・CS2,オガワヒロシ／柴田文彦／早川廣行／Hal_,毎日コミュニケーションズ,2006/7/14,
8,9784872836127,C3055,Photoshop & Illustrator チラシ・DMデザインプロ技コレクション,オブスキュアインク,エクスメディア,2006/5/26,
9,9784881664797,C3055,Illustrator トレーニングブック 8/9/10/CS/CS2対応,広田正康,ソーテック社,2005/9/30,
10,9784774151847,C3055,Gitポケットリファレンス,岡本隆史／武田健太郎／相良幸範,技術評論社,2012/8/10,
11,9784797359282,C0055,基礎からのサーブレット/JSP　第3版,宮本信二,ソフトバンククリエイティブ,2010/9/1,
12,9784797369458,C0055,基礎からのMySQL 改訂版 ,西沢夢路,ソフトバンククリエイティブ,2012/5/1,
13,9784798108407,C3055,オラクルマスター教科書 Bronze Oracle Database 10g【SQL基礎I】編 ,林優子／システム・テクノロジー・アイ,翔泳社,2004/12/20,
14,9784798114569,C3055,これならわかるJava入門の入門,坂下有里,翔泳社,2005/7/13,
15,9784798130491,C3055,独習Javaサーバサイド編,山田祥寛,翔泳社,2013/1/28,
16,9784822202965,C3055,Androidアプリケーション技術者認定試験ベーシック対策実践問題集,Androidアプリケーション技術者認定試験対策委員会,日経BP社,2010/11/29,
17,9784048679565,C3004,Google Androidプログラミング入門,江川崇／藤井大助／麻野耕一／藤田泰介／山田暁通／山岡敏夫／佐野徹郎／竹端進,アスキー・メディアワークス ,2009/7/2,これ1冊で基礎から応用までを学べます!実践的ノウハウが結集した開発者必携の書がついに完成。
18,9784839934149,C3055,iPhone & Androidクロスプラットフォームアプリケーション開発 : スマートフォン用グラフィックスツール作成で学ぶ,鈴木晃,毎日コミュニケーションズ,2010/2/26,
19,9784798029764,C3055,スマートフォンアプリのためのUI&グラフィックデザイン,中野広明,秀和システム,2011/6/1,
20,9784797361193,C0055,体系的に学ぶ安全なWebアプリケーションの作り方 : 脆弱性が生まれる原理と対策の実践,徳丸浩,ソフトバンククリエイティブ,2011/3/5,
21,9784873114927,C3055,大規模Webアプリケーション開発入門 : 変化に強いWeb開発を実現する10の原則,KyleLoudon,オライリージャパン,2011/3/28,
22,9784774148595,C3055,Androidエンジニア養成読本,SoftwareDesign編集部,技術評論社,2011/11/25,
23,9784798027081,C3055,HTML5&CSS3辞典 : 主要ブラウザ対応表付き Pocket詳解,大藤幹,秀和システム,2010/9/1,
24,9784883377282,C2055,スマートフォンのためのHTML5アプリケーション開発ガイド―iPhone/iPad/Android対応,クジラ飛行机,ソシム,2010/10/28,
25,9784774104324,C3055,新・ANSI C言語辞典,平林雅英,技術評論社,1997/5/6,
26,9784274129476,不明,Cの教科書,塩野充,オーム社,1993/9/15,
27,9784791601028,不明,初めてのC言語入門,荒瀬遥,西東社,1999/6/30,
28,9784797306521,C0055,新C言語入門 シニア編 C言語実用マスターシリーズ,林春比古,ソフトバンクパブリッシング,1991/7/17,
29,9784797306514,不明,新C言語入門 ビギナー編 C言語実用マスターシリーズ,林春比古,ソフトバンクパブリッシング,1991/1/25,
30,9784883374748,C2055,世界一わかりやすいCプログラミングの授業,Lepton,ソシム,2006/1/10,
31,9784756130464,C3055,Dr.JamsaのC++超入門,KrisJamsa,アスキー,1994/9/27,
32,9784798011653,C3055,UMLモデリング技能認定試験スキルアップ教本,川添真智子,秀和システム,2006/11/1,
33,9784905318163,C3055,組み込みソフトウェア開発における品質向上の勧め[バグ管理手法編],独立行政法人情報処理推進機構,独立行政法人情報処理推進機構,2013/3/8,
34,9784822202682,C3055,組込みソフトウェア技術者試験 クラス2対策実践問題集,ET教育フォーラム,日経BP社,2008/11/17,
35,9784274210471,C3053,ARMマイコンによる組込みプログラミング入門 : ロボットで学ぶC言語,ロボット実習教材研究会／ヴイストン株式会社,オーム社,2011/6/15,
36,9784789845519,C3055,組込みソフトウェア技術者試験クラス２対策ガイド : 開発スキルアップのための基礎知識を習得,組込みシステム技術協会,CQ出版社,2007/10/1,
37,9784885549267,C3055,絵で見る組込みシステム入門,組込みシステム技術協会エンベデッド技術者育成委員会,電波新聞社,2006/11/20,
38,9784537252323,C0041,面白いほどよくわかる微分積分―微分積分の理解こそ数学的センスを磨くために役立つ!,大上丈彦,日本文芸社,2004/10/22,
39,9784759313550,C0095,会社のことよくわからないまま社会人になった人へ,池上彰,海竜社,2005/7/11,
40,9784061178687,不明,英和科学用語辞典 (ブルーバックス B-268),芦ヶ原伸之,講談社,1976/1/9,
41,9784053028594,C6341,中学数学 数量・関数編 (パーフェクトコース問題集),牧野正博／柴山達治,学習研究社,2009/2,
42,9784053028617,C6340,中学理科 (パーフェクトコース問題集),荘司隆一,学習研究社,2009/2,
43,9784053028600,C6341,中学数学 図形編 (パーフェクトコース問題集),牧野正博／柴山達治,学習研究社,2009/2,
44,9784578013044,C7342,高校これでわかる物理Ⅰ基礎反復問題集,文英堂編集部,文英堂,2007/4/20,
45,9784578013976,C7342,高校これでわかる物理Ⅱ基礎反復問題集,文英堂編集部,文英堂,2009/10/1,
46,9784578011903,C7341,高校これでわかる数学Ⅱ問題集,文英堂編集部,文英堂,2006/4/20,
47,9784578012993,C7341,ホントはやさしい中堅国公立・私大の微分・積分,広瀬和之,文英堂,2005/9/20,
48,9784320008847,C3060,ザ・テクニカルライティング―ビジネス・技術文章を書くためのツール,高橋昭男,共立出版,1993/5/20,
49,9784806115878,C2042,忘れてしまった高校の物理を復習する本,為近和彦,中経出版,2002/2/22,
50,9784816333118,C0041,図解雑学 三角関数,佐藤敏明,ナツメ社,2008/5/10,
51,9784816320569,C0041,図解雑学 微分・積分,佐藤健二,ナツメ社,1999/4/25,
52,9784492261033,C0036,10年後に食える仕事 食えない仕事,渡邉正裕,東洋経済新報社,2012/2/16,グローバル化で職の72%は価値を失う!くいっぱぐれるな!これが日本人だからこそ有利な仕事。カラー図版であらゆる職を4分類。
53,9784434041334,C0095,日本国ヤリクリのカラクリ―国の借金は国民が返すしかない,荒牧国弘,五曜書房,2004/3/30,
54,9784478012031,C0034,もし高校野球の女子マネージャーがドラッガーの『マネジメント』を読んだら,岩崎夏海,ダイヤモンド社,2009/12/3,累計270万部の大ベストセラー! 敏腕マネージャーと野球部の仲間が甲子園を目指して奮闘する青春小説。高校野球の女子マネージャーのみなみちゃんは、マネージャーの仕事のためにドラッカーの『マネジメント』を間違って買ってしまいます。はじめは難しくて後悔するのですが、しだいに野球部のマネジメントにも生かせることに気付きます。これまでのドラッカー読者だけでなく、学生から若手ビジネスパーソンなど多くの人に読んでほしい一冊。
55,9784806128908,C7042,大学入試漆原晃の物理1・2「力学・熱力学編」が面白いほどわかる本,漆原晃,中経出版,2007/11/17,
56,9784832486478,C7042,第一学習社版　高校物理Ⅰ　改訂　※準拠,不明,朋友社,2007/4/2,
57,9784832486782,C7042,第一学習社版　高校物理Ⅱ　改訂　※準拠,不明,朋友社,2008/4/2,
58,9784829901960,C6340,新しい科学の教科書 : 現代人のための中学理科 物理編,佐巻健男(検定外中学校理科教科書をつくる会),文一総合出版,2009/3/1,
59,9784876872961,C2053,エンジン性能の未来的考察,瀬名智和,グランプリ出版,2007/9/12,
60,9784874082065,C3053,《高品質を創りだす》測定工具の使い方・生かし方,森山勉吉,技術評論社,1977/3/1,
61,9784526036910,C3054,やさしい制御システム 基礎編,坂巻佳寿美,日刊工業新聞社,1995/4/13,
62,9784526055065,C3053,図面って、どない描くねん! : 現場設計者が教えるはじめての機械製図 ,山田学,日刊工業新聞社,2005/8/30,
63,9784274086663,C3053,絵とき 熱力学早わかり,伊庭敏明,オーム社,1997/3/20,
64,9784405061507,C0054,イラストで電気のことがわかる本,酒井雅芳,新星出版社,2005/11/25,
66,9784882318880,C3053,ディーゼル車排ガスの浄化技術,梶原鳴雪,シーエムシー出版,2001/4/27,
65,9784501413804,C3053,機械の力学計算法 (機械計算法シリーズ),橋本広明,東京電機大学出版局,1997/2/20,
67,9784407022629,C3053,大学基礎機械材料　改訂版,門間改三,実教出版,1978/6/10,
68,9784254230833,C3053,最新内燃料機関,河野通方,朝倉書店,1995/6/25,
69,9784816340581,C0054,図解 はじめて学ぶ電子回路,谷本正幸,ナツメ社,2006/2/10,
70,9784798125282,C3055,CAD教科書 CAD利用技術者試験2級 2012年版,吉野彰一,翔泳社,2012/2/13,
71,9784886613165,C3353,機械図面の描きかた読み方,ツールエンジニア編集部,大河出版,1989/7/15,
72,9784426103361,C3034,世界一わかりやすいIT(情報システム)業界その「しくみ」と「ながれ」,イノウ「業界研究会」,自由国民社,2007/8/15,
73,9784381100580,C3053,自動車用ディーゼルエンジン : 研究開発技術者の基礎と実際,宮下直也／黒木秀雄,山海堂,1994/1/10,
74,9784627665415,C3053,振動工学 : 振動の基礎から実用解析入門まで,藤田勝久,森北出版,2005/9/1,
75,9784274086632,C3053,絵とき 機械の力学早わかり,稲見辰夫,オーム社,1996/11/20,
76,9784407031591,C3053,機械要素概論〈2〉機構・伝達・ブレーキなど,林洋次,実教出版,1998/6/20,「機械要素概論」と同様、機械設計基礎を、もれなく平易に記述。設計の体系にそってオーソドックスにまとめたテキスト。
77,9784501105600,C3054,初めて学ぶ基礎制御工学,森政弘,東京電機大学出版局,1994/3/1,
78,9784924998568,C3055,VHDLによる論理合成の基礎 : 合成に向いたコーディングを考える,枝均,テクノプレス,2002/8/1,
79,9784924998704,C3055,Verilog‐HDL言語入門,桜井至,テクノプレス,2006/8/5,
80,9784425620333,C3056,初等ディーゼル機関 【改訂増補版】,黒沢誠,成山堂書店,1995/2/28,
81,9784844527268,C3053,JISにもとづく標準機械製図集 第5版 ,大柳康／蓮見善久,理工学社,1972/5/20,
82,9784888981286,C3353,振動学 JSMEテキストシリーズ,日本機械学会,日本機械学会,2005/9/16,
83,9784827713213,C3353,機械製図問題集 1,近藤巌／池田洋一,パワー社,1978/11/25,
84,9784769370307,C2050,機械を説明する英語 : 欧米カタログ文献にみる機械英語,野澤義延,工業調査会,1986/11/25,
85,9784501317003,C3055,たのしくできる やさしいディジタル回路の実験,白土義男,東京電機大学出版局,1994/9/1,
86,9784526054969,C3054,読むだけで力がつく オペアンプ基礎回路再入門 ,岡山努,日刊工業新聞社,2005/7/10,
87,9784542902749,C3050,誤差のおはなし―測る世界の原点を探る,矢野宏,日本規格協会,2005/1/28,複雑な様相を見せる誤差の世界を、製品の取引きから、世の中の出来事にまで広げて、親しみやすく解説。
88,9784000000001,不明,逆境を乗り越えたトップが語る　経営の真髄,日経ベンチャー,日経BP社,,
89,9784534045119,C0054,一番やさしい・一番くわしい 完全図解 電気回路,大浜庄司,日本実業出版社,2009/2/20,電気回路を初歩から段階的に学習できる完全ビジュアル図解本!1ページ毎に必ず「図解」を掲載!1ページ毎に「1テーマ」と細かく内容を分け、学習の要点を明確化!構成は電気回路の基礎、直流回路、交流回路、三相交流回路、半導体回路と5段階に区分し、基礎から順次、学習が進められる!初学者から電気・電子系専攻の学生、電気関係従事者・試験受験者まで、誰もが納得の内容。
90,9784000000002,不明,計量管理技術双書(21) 寸法(下),朝永良夫,コロナ社,1960/8/30,
91,9784274084058,C3053,機械公式活用ポケットブック,岡野修一,オーム社,1967/6/30,
92,9784274086564,C3053,絵とき 材料力学早わかり,伊庭敏昭,オーム社,1996/2/16,
93,9784526064654,C3053,技術士第一次試験「機械部門」専門科目過去問題　解答と解説,Net‐P.E.Jp,日刊工業新聞社,2004/6/15,過去10年間に出題された過去問題の解答例・解説+キーワード。
94,9784526043963,C3053,設計者に必要な加工の基礎知識―これだけは知っておきたい機械加工の常識 (実際の設計選書),稲城正高／米山猛,日刊工業新聞社,1999/6/28,設計の初心者のために、設計に必要な加工の基礎知識を解説。機械の設計の中でも、新しい機械を考案して設計する場合を想定し、主として切削加工を利用することを取り扱っている。
95,9784121006240,C1240,理科系の作文技術,木下是雄,中央公論社,1981/9/25,
96,9784000000003,不明,工業技術英語の手引き　日経文庫169,篠田義明,日本経済新聞社,1971/4/26,
97,9784000000004,不明,広範　機械用語辞典,等々力徳重,機械協会,1961/3/11,
98,9784534038609,C0054,図解でわかる電気回路のしくみ : オームの法則からテスタの使い方、家電製品の回路図、シーケンス制御まで,稲見辰夫／稲見昌彦,日本実業出版社,2005/1/20,身近な家電製品から、屋内配線や自動制御まで、実体配線図と回路図を比較してやさしく解説。最新の電気用図記号も掲載し、電気回路の読み方、描き方、使い方のすべてがこの一冊でわかります。
99,9784769321132,C3053,ものづくりのための機械製図,実践教育研究協会,工業調査会,1994/3/28,
100,9784274203626,C3053,ロボット・メカトロニクス概論,吉田勝久,オーム社,2007/2/10,
101,9784827713220,C3353,機械製図問題集 2,近藤巌,パワー社,1985/6/25,
102,9784621045022,C3050,科学技術者の倫理―その考え方と事例,CharlesE.Harris／MichaelS.Pritchard／MichaelJ.Rabins,丸善,1998/9/30,
103,9784274130588,C3053,よくわかる機構学,萩原芳彦,オーム社,1996/3/15,
104,9784385110257,C0582,技術英語構文辞典,富井篤,三省堂,1996/11/15,
105,9784407031607,C3053,エネルギ機械,渡部一郎／笠原英司／岡野修一,実教出版,1998/6/20,水力学・熱力学の基礎の解説を充実させ、図解で平易に解説。機器は代表的なものを中心に扱い、構造・原理から理論へと展開。
106,9784000000005,不明,計量管理技術双書(20) 改訂寸法(上),朝永良夫,コロナ社,1960/3/31,
107,9784885551789,C2030,新・エネルギーデータの読み方使い方,松井賢一,電力新報社,1994/7/20,
108,9784876871476,C2053,エンジンはこうなっている 自動車メカ絵解きシリーズ,GP企画センター,グランプリ出版,1994/6/10,
109,9784501412609,C3353,機械力学 : 考え方・解き方 わかりやすい機械教室 2色刷,小山十郎,東京電機大学出版局,1970/10/31,
110,9784534039576,C0075,モーターボーイズ! : クルマづくりに懸けた、中学2年間の汗と感動の物語,箕田大輔,日本実業出版,2005/9/10,工具の使い方さえ知らなかった中学生が、「1リットルで何km走れるか」を競うエコカーの全国大会に中学生チームとして初参戦!スタート直前、動かないマシン。迫るスターター・フラッグ...。「あぁ!もうダメだあぁぁ...」彼らの夢は、彼らの想いは、サーキットの空に届いたか?!エコカーを限りなく愛するエコラン先生と長野県の公立中学校の技術科選択授業チームが、おそれも知らず、天下の「鈴鹿」「ツインリンクもてぎ」に挑んだ感動の2年間の軌跡と奇跡。
111,9784000000006,不明,反応性化学物質の応用　花火からエアバック・宇宙ロケットまで,吉田忠雄／長谷川隆之,東京プログレスシステム,1996/10/10,
112,9784526058325,C3034,トコトンやさしい振動・騒音の本 ,山田伸志,日刊工業新聞社,2007/3/15,同じ音なのに、音楽は人々の生活を楽しくし、騒音は人々を苦しめます。どうしてでしょう。切っても切れない音と振動の関係を本書ではイラストによりやさしく説明します。また、不快な音や振動で悩まないためのヒントなども紹介します。
113,9784407031584,C3053,機械要素概論〈1〉力学・材料・機械要素など,林洋次,実教出版,1998/6/20,具体的な設計例を製図と共に学べる構成。機械設計の基礎を、もれなく平易に記述。設計の体系にそってオーソドックスにまとめた。単位はSI単位に統一。
114,9784526051661,C3053,設計者に必要な材料の基礎知識 : これだけは知っておきたい機械材料の知識とデータ,手塚則雄／米山猛,日刊工業新聞社,2003/8/29,本書は、はじめて設計を学ぶ人あるいははじめて設計をする人が、設計に必要な材料の基礎知識を限られた時間の中で、できるだけ効率よく身につけられるように、設計者の立場、材料を使う立場に立ってまとめたものである。
115,9784844527169,不明,JISにもとづく標準製図法,大西清,理工学社,1952/7/5,
116,9784000000007,不明,自動車工学2,本橋茂守,実教出版,1984/2/25,
117,9784782840399,C3053,例題演習機械設計製図,益子正己／岩井実,産業図書,1962/6/15,
118,9784407302837,C3053,最新機械製図,林洋次,実教出版,2003/4/14,最新JIS対応のやさしいテキスト
119,9784839950644,C3055,よくわかるPHPの教科書 PHP5.5対応版,たにぐちまこと,マイナビ,2014/3/10,
120,9784844338291,C3055,Java SE7/8 Bronze問題集〈1Z0-814〉対応 : 試験番号1Z0-814 徹底攻略,志賀澄人／山岡敏夫,インプレス,2015/6/11,
121,9784899772750,C3055,HTML5+CSS3で作る魅せるiPhoneサイト,谷拓樹,ラトルズ,2010/11/5,
122,9784774142326,C3055,かんたんC言語 プログラミングの教科書,大川内隆朗／大原竜男,技術評論社,2010/5/25,
123,9784774143958,C3055,ゼロからわかるUML超入門 : はじめてのモデリング,河合昭男,技術評論社,2010/11/25,
124,9784798041568,C3055,Spring Framework 4プログラミング入門,掌田津耶乃,秀和システム,2014/8/1,
125,9784798118444,C3055,ダイアグラム別UML徹底活用,井上樹,翔泳社,2005/6/20,
126,9784798118543,C3055,独習UML,テクノロジックアート,翔泳社,2012/4/9,
127,9784844333937,C3055,スッキリわかるSQL入門 : ドリル215問付き!,飯田理恵子／中山清喬,インプレス,2013/4/21,
128,9784844335801,C3055,スッキリわかるサーブレット&JSP入門,国本大悟,インプレス,2014/5/1,
129,9784844336389,C3055,スッキリわかるJava入門 第2版,国本大悟／中山清喬,インプレス,2014/8/11,
130,9784844336778,C3055,スッキリわかるJava入門 実践編 第2版,中山清喬,インプレス,2014/9/21,
131,9784000000008,不明,CATIA Training: Sketcher,不明,株式会社菱友システムズ,,
132,9784000000009,不明,CATIA Training: Generative Drafting,不明,株式会社菱友システムズ,,
133,9784000000010,不明,「機械設計技術者試験」合格対策講座 No.1 材料力学と機械力学,石川義雄,日刊工業新聞社,,
134,9784000000011,不明,Pro/Engineer Wildfire 3.0 チュートリアル テキスト 3次元設計[入門コース],不明,PTCジャパン株式会社,,
135,9784816338793,C0041,図解雑学 わかりやすい算数・数学,唯野真人,ナツメ社,2007/5/10,
136,9784062574488,C0282,間違いだらけの英語科学論文,原田豊太郎,講談社,2004/7/20,日本人が書く英語論文やマニュアルは、ネイティブには意味不明の誤文や文法ミスが数多く発見される。技術翻訳、科学英語のプロとして長年活躍してきた著者が豊富な例文を用いて、なぜ間違えるのか、どう直したらよいかを懇切丁寧に解説。必ず役立つ超実践的なハンドブック。
137,9784895725088,C0340,科学・技術と社会―文・理を越える新しい科学・技術論,村上陽一郎,光村教育図書,1999/1/29,
138,9784883379682,C2055,Redmine実践ガイド : 理論と実践、事例で学ぶ新しいプロジェクトマネジメント,アジャイルウェア,ソシム,2015/7/10,
139,9784774157368,C3004,かんたんUML入門 プログラミングの教科書,竹政昭利／林田幸司／大西洋平／三村次朗／藤本陽啓／伊藤宏幸,技術評論社,2013/7/10,
140,9784822277420,C9455,10倍速の開発・運用ツール : Jenkins、Chef、Redmine、Dockerで業務効率アップ,日経SYSTEMS,日経BP社,2015/6/27,
141,9784822279950,C9455,Redmine超入門 : ITの現場全員が使い助け合う最強の無料プロマネツール,飯田治行／大澤文孝／大和田裕／小川明彦／楠川智久／阪井誠／内藤淳,日経BP社,2015/8/13,